Cos'è Vendita su Amazon?	Come faccio a vendere prodotti online su amazon?
Quali articoli posso vendere su Amazon.it?
Quali articoli non posso vendere su Amazon.it?	Quali sono gli articoli di cui è vietata la vendita su amazon?
Cosa mi serve per iscrivermi come venditore su Amazon?
Come posso inserire i prodotto che devo vendere su Amazon?	Puoi caricare i tuoi prodotti usando la nostra interfaccia web o i nostri strumenti per l'upload (file di grandi dimensioni). La procedura e le informazioni necessarie alla vendita variano a seconda che i tuoi prodotti siano già presenti nel catalogo Amazon.it o meno.
Quanto mi costa vendere su Amazon.it?
Quando inizierò a pagare la mia quota di abbonamento mensile?
Posso cancellare il mio abbonamento?
Come faccio a gestire gli ordini?
Come posso ricevere i pagamenti?
Avete sistemi di protezione anti-frode?
I clienti possono lasciare feedback e perché è importante il feedback clienti?
Clicca qui per avere maggiori informazioni sui prezzi?
Posso offrire confezioni regalo e biglietti di auguri ai miei clienti su Amazon.it?
Posso parlare con qualcuno riguardo a Vendita su Amazon? Se al momento non stai ancora vendendo su Amazon.it e vuoi maggiori informazioni, puoi Contattaci.